forecast_made_utc,date,hour,lear,naive_day
2026-10-10 16:55,2026-10-11,0,109.15,13.88
2026-10-10 16:55,2026-10-11,1,105.08,13.75
2026-10-10 16:55,2026-10-11,2,102.75,13.98
2026-10-10 16:55,2026-10-11,3,103.58,14.66
2026-10-10 16:55,2026-10-11,4,104.62,16.05
2026-10-10 16:55,2026-10-11,5,105.75,13.71
2026-10-10 16:55,2026-10-11,6,107.84,22.19
2026-10-10 16:55,2026-10-11,7,115.02,38.66
2026-10-10 16:55,2026-10-11,8,108.48,50.78
2026-10-10 16:55,2026-10-11,9,94.66,41.61
2026-10-10 16:55,2026-10-11,10,82.2,21.41
2026-10-10 16:55,2026-10-11,11,67.44,5.49
2026-10-10 16:55,2026-10-11,12,56.84,0.27
2026-10-10 16:55,2026-10-11,13,50,-0.5
2026-10-10 16:55,2026-10-11,14,48.13,1.46
2026-10-10 16:55,2026-10-11,15,47.1,1.79
2026-10-10 16:55,2026-10-11,16,65.78,13.88
2026-10-10 16:55,2026-10-11,17,97.3,90.01
2026-10-10 16:55,2026-10-11,18,124.71,137.76
2026-10-10 16:55,2026-10-11,19,140.07,166.67
2026-10-10 16:55,2026-10-11,20,128.07,144.11
2026-10-10 16:55,2026-10-11,21,123.12,125.73
2026-10-10 16:55,2026-10-11,22,120.87,126.64
2026-10-10 16:55,2026-10-11,23,113.19,115.25
